-- Insert Specialties
INSERT INTO specialties (id, name) VALUES
(1, 'Cardiology'),
(2, 'Pediatrics'),
(3, 'Dermatology'),
(4, 'Orthopedics'),
(5, 'Psychiatry'),
(6, 'Gastroenterology'),
(7, 'Neurology'),
(8, 'Oncology'),
(9, 'Urology'),
(10, 'Endocrinology'),
(11, 'Pulmonology'),
(12, 'Rheumatology'),
(13, 'Nephrology'),
(14, 'Ophthalmology'),
(15, 'Otolaryngology'),
(16, 'Geriatrics'),
(17, 'Infectious Diseases'),
(18, 'Allergy & Immunology'),
(19, 'Sports Medicine'),
(20, 'Pain Management'),
(21, 'Physical Medicine & Rehab'),
(22, 'Anesthesiology'),
(23, 'Radiology'),
(24, 'Emergency Medicine'),
(25, 'Family Medicine'),
(26, 'Pediatric Neurology'),
(27, 'Cardiothoracic Surgery'),
(28, 'Reproductive Endocrinology'),
(29, 'Oncological Surgery'),
(30, 'Plastic Surgery'),
(31, 'Geriatric Psychiatry'),
(32, 'Interventional Cardiology'),
(33, 'Neurosurgery'),
(34, 'Adolescent Medicine'),
(35, 'Hand Surgery'),
(36, 'Sleep Medicine'),
(37, 'Palliative Care'),
(38, 'Bariatric Surgery'),
(39, 'Endocrinological Surgery'),
(40, 'Vascular Surgery'),
(41, 'Medical Genetics'),
(42, 'Critical Care Medicine'),
(43, 'Forensic Psychiatry'),
(44, 'Dermatopathology'),
(45, 'Clinical Genetics'),
(46, 'Gynocology'),
(47, 'Dentistry'),
(48, 'Internal Medicine'),
(49, 'Dietetics'),
(50, 'Podiatry');

-- Insert Doctors (from the JSON file - showing first doctor and creating 50 total)
INSERT INTO doctors (id, name, email, password, bio, image_url, exp, total_patients, online_fee, visit_fee) VALUES
(1, 'Connor Benjamin', 'connor.benjamin1@doctor.com', 'hashed_password', 'Family Medicine Doctor Connor Benjamin is known for building long-term patient relationships and is achieving high patient satisfaction.', '/img/male.svg', 9, 9, 1482, 1823),
(2, 'Sarah Mitchell', 'sarah.mitchell@doctor.com', 'hashed_password', 'Pediatric specialist with 12 years of experience in child healthcare.', '/img/female.svg', 12, 150, 1200, 1500),
(3, 'Dr. Michael Chen', 'michael.chen@doctor.com', 'hashed_password', 'Board certified dermatologist specializing in skin conditions and treatments.', '/img/male.svg', 15, 200, 1500, 2000),
(4, 'Dr. James Wilson', 'james.wilson@doctor.com', 'hashed_password', 'Orthopedic surgeon with expertise in joint and sports injuries.', '/img/male.svg', 18, 300, 1800, 2200),
(5, 'Dr. Lisa Anderson', 'lisa.anderson@doctor.com', 'hashed_password', 'Psychiatrist providing mental health and behavioral therapy.', '/img/female.svg', 14, 250, 1700, 2000),
(6, 'Dr. Robert Davis', 'robert.davis@doctor.com', 'hashed_password', 'Cardiologist specializing in heart diseases and prevention.', '/img/male.svg', 20, 400, 2200, 2800),
(7, 'Dr. Emily Taylor', 'emily.taylor@doctor.com', 'hashed_password', 'Gastroenterologist with expertise in digestive disorders.', '/img/female.svg', 13, 180, 1600, 1900),
(8, 'Dr. David Martinez', 'david.martinez@doctor.com', 'hashed_password', 'Neurologist specializing in neurological disorders.', '/img/male.svg', 16, 220, 2500, 3000),
(9, 'Dr. Jennifer Lee', 'jennifer.lee@doctor.com', 'hashed_password', 'Oncologist dedicated to cancer treatment and patient care.', '/img/female.svg', 17, 350, 2800, 3500),
(10, 'Dr. Christopher Brown', 'christopher.brown@doctor.com', 'hashed_password', 'Urologist specializing in urological health and surgery.', '/img/male.svg', 14, 190, 1900, 2300),
(11, 'Dr. Amanda White', 'amanda.white@doctor.com', 'hashed_password', 'Endocrinologist specializing in hormonal disorders.', '/img/female.svg', 12, 160, 1750, 2100),
(12, 'Dr. Thomas Harris', 'thomas.harris@doctor.com', 'hashed_password', 'Pulmonologist specializing in respiratory diseases.', '/img/male.svg', 15, 210, 1850, 2250),
(13, 'Dr. Rachel Green', 'rachel.green@doctor.com', 'hashed_password', 'Rheumatologist specializing in autoimmune diseases.', '/img/female.svg', 13, 170, 1950, 2350),
(14, 'Dr. Kevin Martin', 'kevin.martin@doctor.com', 'hashed_password', 'Nephrologist specializing in kidney disorders.', '/img/male.svg', 14, 180, 1650, 2000),
(15, 'Dr. Susan Clark', 'susan.clark@doctor.com', 'hashed_password', 'Ophthalmologist providing comprehensive eye care.', '/img/female.svg', 16, 300, 1400, 1800),
(16, 'Dr. Mark Johnson', 'mark.johnson@doctor.com', 'hashed_password', 'ENT specialist treating ear, nose, and throat conditions.', '/img/male.svg', 12, 140, 1600, 1950),
(17, 'Dr. Patricia Moore', 'patricia.moore@doctor.com', 'hashed_password', 'Geriatrician specializing in elderly care.', '/img/female.svg', 18, 280, 1300, 1700),
(18, 'Dr. Steven Campbell', 'steven.campbell@doctor.com', 'hashed_password', 'Infectious disease specialist with research expertise.', '/img/male.svg', 15, 200, 2100, 2600),
(19, 'Dr. Nancy Parker', 'nancy.parker@doctor.com', 'hashed_password', 'Allergist and immunologist treating allergic conditions.', '/img/female.svg', 11, 120, 1550, 1900),
(20, 'Dr. Brian Evans', 'brian.evans@doctor.com', 'hashed_password', 'Sports medicine physician specializing in athlete care.', '/img/male.svg', 13, 175, 1700, 2050),
(21, 'Dr. Carol Edwards', 'carol.edwards@doctor.com', 'hashed_password', 'Pain management specialist offering comprehensive care.', '/img/female.svg', 14, 195, 1800, 2200),
(22, 'Dr. Paul Turner', 'paul.turner@doctor.com', 'hashed_password', 'Physical medicine and rehabilitation expert.', '/img/male.svg', 12, 150, 1600, 1950),
(23, 'Dr. Linda Phillips', 'linda.phillips@doctor.com', 'hashed_password', 'Anesthesiologist specializing in perioperative care.', '/img/female.svg', 16, 240, 2000, 2500),
(24, 'Dr. George Campbell', 'george.campbell@doctor.com', 'hashed_password', 'Radiologist specializing in diagnostic imaging.', '/img/male.svg', 17, 260, 1900, 2350),
(25, 'Dr. Dorothy Wilson', 'dorothy.wilson@doctor.com', 'hashed_password', 'Emergency medicine physician providing urgent care.', '/img/female.svg', 13, 160, 1500, 1850),
(26, 'Dr. Joseph Garcia', 'joseph.garcia@doctor.com', 'hashed_password', 'Family medicine doctor providing comprehensive care.', '/img/male.svg', 19, 320, 1450, 1800),
(27, 'Dr. Margaret Robinson', 'margaret.robinson@doctor.com', 'hashed_password', 'Pediatric neurologist specializing in child neurology.', '/img/female.svg', 14, 185, 2300, 2800),
(28, 'Dr. Walter Martinez', 'walter.martinez@doctor.com', 'hashed_password', 'Cardiothoracic surgeon specializing in heart surgery.', '/img/male.svg', 22, 450, 3500, 4500),
(29, 'Dr. Helen Rodriguez', 'helen.rodriguez@doctor.com', 'hashed_password', 'Reproductive endocrinologist specializing in fertility.', '/img/female.svg', 15, 200, 2100, 2650),
(30, 'Dr. Charles Lee', 'charles.lee@doctor.com', 'hashed_password', 'Surgical oncologist specializing in cancer surgery.', '/img/male.svg', 18, 280, 3000, 3800),
(31, 'Dr. Barbara Harris', 'barbara.harris@doctor.com', 'hashed_password', 'Plastic surgeon specializing in aesthetic procedures.', '/img/female.svg', 16, 220, 2700, 3400),
(32, 'Dr. Richard Clark', 'richard.clark@doctor.com', 'hashed_password', 'Geriatric psychiatrist specializing in elderly mental health.', '/img/male.svg', 13, 170, 1650, 2050),
(33, 'Dr. Margaret Wilson', 'margaret.wilson@doctor.com', 'hashed_password', 'Interventional cardiologist specializing in angioplasty.', '/img/female.svg', 17, 290, 2400, 3000),
(34, 'Dr. Donald Martinez', 'donald.martinez@doctor.com', 'hashed_password', 'Neurosurgeon specializing in brain and spinal surgery.', '/img/male.svg', 19, 310, 3200, 4200),
(35, 'Dr. Carol Young', 'carol.young@doctor.com', 'hashed_password', 'Adolescent medicine specialist providing teen healthcare.', '/img/female.svg', 12, 145, 1400, 1750),
(36, 'Dr. Daniel King', 'daniel.king@doctor.com', 'hashed_password', 'Hand surgeon specializing in hand and wrist surgery.', '/img/male.svg', 15, 210, 2000, 2500),
(37, 'Dr. Elizabeth Scott', 'elizabeth.scott@doctor.com', 'hashed_password', 'Sleep medicine specialist diagnosing sleep disorders.', '/img/female.svg', 13, 165, 1800, 2200),
(38, 'Dr. Frank Green', 'frank.green@doctor.com', 'hashed_password', 'Palliative care physician specializing in comfort care.', '/img/male.svg', 14, 180, 1200, 1650),
(39, 'Dr. Grace Adams', 'grace.adams@doctor.com', 'hashed_password', 'Bariatric surgeon specializing in weight loss surgery.', '/img/female.svg', 16, 240, 3100, 3900),
(40, 'Dr. Henry Bell', 'henry.bell@doctor.com', 'hashed_password', 'Endocrine surgeon specializing in thyroid surgery.', '/img/male.svg', 15, 195, 2900, 3600),
(41, 'Dr. Irene Carter', 'irene.carter@doctor.com', 'hashed_password', 'Vascular surgeon specializing in blood vessel surgery.', '/img/female.svg', 17, 260, 2300, 2900),
(42, 'Dr. Jack Davis', 'jack.davis@doctor.com', 'hashed_password', 'Medical geneticist specializing in genetic disorders.', '/img/male.svg', 14, 175, 2200, 2800),
(43, 'Dr. Karen Evans', 'karen.evans@doctor.com', 'hashed_password', 'Forensic psychiatrist specializing in legal cases.', '/img/female.svg', 16, 210, 1900, 2400),
(44, 'Dr. Lawrence Foster', 'lawrence.foster@doctor.com', 'hashed_password', 'Dermatopathologist specializing in skin pathology.', '/img/male.svg', 14, 185, 2600, 3200),
(45, 'Dr. Mildred Garcia', 'mildred.garcia@doctor.com', 'hashed_password', 'Critical care physician providing intensive care.', '/img/female.svg', 15, 220, 2500, 3100),
(46, 'Dr. Norman Harris', 'norman.harris@doctor.com', 'hashed_password', 'Pediatric infectious disease specialist.', '/img/male.svg', 12, 155, 1700, 2100),
(47, 'Dr. Olivia Jackson', 'olivia.jackson@doctor.com', 'hashed_password', 'Rheumatologist specializing in joint diseases.', '/img/female.svg', 13, 170, 1950, 2400),
(48, 'Dr. Peter King', 'peter.king@doctor.com', 'hashed_password', 'Sports performance specialist and rehabilitator.', '/img/male.svg', 11, 145, 1600, 1950),
(49, 'Dr. Quincy Lee', 'quincy.lee@doctor.com', 'hashed_password', 'Dermatopathologist specializing in skin analysis.', '/img/female.svg', 14, 190, 2100, 2600),
(50, 'Dr. Rachel Martinez', 'rachel.martinez@doctor.com', 'hashed_password', 'Clinical geneticist specializing in inherited disorders.', '/img/female.svg', 15, 205, 2000, 2500);

-- Insert Doctor-Specialty relationships (first 50)
INSERT INTO doctor_specialties (doctor_id, specialty_id) VALUES
(1, 25), (1, 2), (2, 2), (2, 26), (3, 3), (3, 44), (4, 4), (4, 19), (5, 5), (5, 31),
(6, 1), (6, 33), (7, 6), (7, 11), (8, 7), (8, 34), (9, 8), (9, 29), (10, 9), (10, 40),
(11, 10), (11, 39), (12, 11), (12, 37), (13, 12), (13, 47), (14, 13), (14, 41), (15, 14), (15, 35),
(16, 15), (16, 36), (17, 16), (17, 38), (18, 17), (18, 42), (19, 18), (19, 17), (20, 19), (20, 48),
(21, 20), (21, 43), (22, 21), (22, 22), (23, 22), (23, 24), (24, 23), (24, 49), (25, 24), (25, 18),
(26, 25), (26, 16), (27, 26), (27, 7), (28, 27), (28, 1), (29, 28), (29, 10), (30, 29), (30, 8),
(31, 30), (31, 3), (32, 31), (32, 5), (33, 33), (33, 1), (34, 34), (34, 7), (35, 35), (35, 2),
(36, 36), (36, 4), (37, 37), (37, 11), (38, 38), (38, 16), (39, 39), (39, 6), (40, 40), (40, 10),
(41, 41), (41, 13), (42, 42), (42, 17), (43, 43), (43, 5), (44, 44), (44, 50), (45, 45), (45, 24),
(46, 46), (46, 17), (47, 47), (47, 12), (48, 48), (48, 19), (49, 49), (49, 3), (50, 50), (50, 44);

-- Insert Doctor Clinics
INSERT INTO doctor_clinic (doctor_id, clinic_name, clinic_fee) VALUES
(1, 'City General Hospital', 1500.00),
(2, 'Children Health Clinic', 1200.00),
(3, 'Skin & Laser Center', 2000.00),
(4, 'Elite Ortho Care', 1800.00),
(5, 'MindWell Psychiatry', 1700.00),
(6, 'Heartbeat Cardiology', 2200.00),
(7, 'Digestive Health Clinic', 1600.00),
(8, 'NeuroCare Institute', 2500.00),
(9, 'Hope Cancer Center', 2800.00),
(10, 'Urology Specialists', 1900.00),
(11, 'Endocrine Wellness', 1750.00),
(12, 'Lung & Respiratory Clinic', 1850.00),
(13, 'Joint & Autoimmune Center', 1950.00),
(14, 'Kidney Care Clinic', 1650.00),
(15, 'Vision Eye Center', 1400.00),
(16, 'Premier ENT Clinic', 1600.00),
(17, 'Evergreen Geriatric Care', 1300.00),
(18, 'Infectious Disease Unit', 2100.00),
(19, 'Allergy & Asthma Clinic', 1550.00),
(20, 'Sports Injury Rehab', 1700.00),
(21, 'Pain Management Solutions', 1800.00),
(22, 'Rehab & Wellness Center', 1600.00),
(23, 'Emergency Services', 2000.00),
(24, 'Radiology Imaging Center', 1900.00),
(25, 'Urgent Care Clinic', 1500.00),
(26, 'Community Family Clinic', 1450.00),
(27, 'Pediatric Neuro Clinic', 2300.00),
(28, 'CardioThoracic Surgical Inst.', 3500.00),
(29, 'Fertility & Wellness Clinic', 2100.00),
(30, 'Oncology Surgery Center', 3000.00),
(31, 'Aesthetic & Plastic Clinic', 2700.00),
(32, 'Senior Mental Health', 1650.00),
(33, 'Heart Solutions Institute', 2400.00),
(34, 'Neurological Surgery Group', 3200.00),
(35, 'Adolescent Health Center', 1400.00),
(36, 'Upper Limb Surgery Center', 2000.00),
(37, 'Sleep Disorders Clinic', 1800.00),
(38, 'Compassionate Care Hospice', 1200.00),
(39, 'Bariatric Surgery Institute', 3100.00),
(40, 'Endocrine Surgery Unit', 2900.00),
(41, 'Vascular Health Clinic', 2300.00),
(42, 'Advanced Infectious Disease', 2200.00),
(43, 'Forensic Mental Health', 1900.00),
(44, 'Genetics & Genomics Clinic', 2600.00),
(45, 'Critical Care Hospital', 2500.00),
(46, 'Pediatric ID Clinic', 1700.00),
(47, 'Rheumatology Associates', 1950.00),
(48, 'Sports Performance & Rehab', 1600.00),
(49, 'Dermatology Pathology Lab', 2100.00),
(50, 'Genetic Counseling Center', 2000.00);
